{"labels_3d": [0, 0, 0, 0, 0, 0, 0, 0, 0, 0, 0, 0, 0, 0, 0, 0, 0, 0, 0, 0, 0, 0, 0, 0, 0, 0, 0, 0, 0, 0, 0, 0, 0, 0, 0, 0, 0, 0, 0, 0, 0, 0, 0, 0, 0, 0, 0, 0, 0, 0, 0, 0, 0, 0, 0, 0], "scores_3d": [5.167296421859646e-06, 0.00679733557626605, 0.0007872719434089959, 0.10215600579977036, 0.9069759845733643, 1.3659765332222018e-17, 0.011200309731066227, 4.235158485244028e-06, 0.007003506645560265, 1.906952093122527e-05, 3.776485346662639e-09, 0.0003942759649362415, 0.7092972993850708, 2.8332416707882446e-12, 0.018252957612276077, 0.7127525806427002, 8.422792234341614e-06, 2.9189361612225184e-06, 8.447406435152516e-05, 2.0344039342035103e-08, 0.0003195004537701607, 2.669434877589083e-07, 0.006688443012535572, 8.982063445728272e-05, 0.8038451671600342, 2.6862124968829448e-08, 0.004834481980651617, 1.6228465028689243e-05, 0.0018475025426596403, 0.015695301815867424, 0.9025685787200928, 1.187113298328768e-06, 3.5180071336071705e-06, 2.757890797511209e-06, 1.0491583452676423e-05, 7.050401507058268e-08, 0.9026876091957092, 0.005595233757048845, 1.338360220870527e-06, 0.463435560464859, 5.8810424974353737e-08, 1.661533497099299e-05, 0.007467835675925016, 4.114125658816192e-06, 5.53246027266141e-05, 2.2859978344058618e-05, 0.8800041675567627, 0.7087882161140442, 5.32977765033138e-06, 0.9090766310691833, 7.92086484580068e-06, 0.0005927887978032231, 1.0790144244765543e-07, 7.166660361690447e-05, 5.1938099204562604e-05, 3.116853902252782e-14], "bboxes_3d": [[69.8524169921875, -12.00013256072998, 0.8612256646156311, 4.0829691886901855, 1.6342759132385254, 1.9903963804244995, -0.43382883071899414], [53.08084487915039, -21.763107299804688, -1.354041576385498, 3.7811856269836426, 1.5791058540344238, 1.4925239086151123, 3.048044443130493], [37.75718307495117, -15.50037956237793, -1.1384360790252686, 3.681166648864746, 1.5921223163604736, 1.4608676433563232, 0.5161328315734863], [66.16227722167969, -26.76320457458496, -1.020066499710083, 3.70247483253479, 1.588271141052246, 1.6191842555999756, 2.7458789348602295], [14.734127044677734, -1.1117619276046753, -1.5141963958740234, 3.656980276107788, 1.5783679485321045, 1.4674745798110962, -0.31655216217041016], [44.663963317871094, -12.38886547088623, -3.325226306915283, 4.665680885314941, 1.9525742530822754, 2.015868663787842, 2.1448214054107666], [29.064441680908203, -14.90468978881836, -3.760437250137329, 4.137668609619141, 1.6739952564239502, 1.6265712976455688, -3.1131210327148438], [19.520931243896484, -4.579658031463623, -1.4131710529327393, 3.4883387088775635, 1.4423868656158447, 1.4149595499038696, -1.5415048599243164], [58.48662567138672, -14.76705551147461, -1.2724549770355225, 3.922422409057617, 1.604374885559082, 1.505896806716919, 2.607903003692627], [39.13348388671875, -1.9876536130905151, -0.31939464807510376, 3.8013741970062256, 1.5434787273406982, 1.5480151176452637, 2.6985085010528564], [62.50007247924805, -9.66136646270752, 0.905604362487793, 4.398385047912598, 1.657297968864441, 2.2461023330688477, 2.689531087875366], [54.62916946411133, -16.853458404541016, -0.9997057318687439, 3.9160611629486084, 1.6071457862854004, 1.754359483718872, 3.0373196601867676], [24.92426872253418, -10.289565086364746, -1.7054908275604248, 3.6485085487365723, 1.5996649265289307, 1.4813050031661987, -0.44586896896362305], [16.185537338256836, -9.596436500549316, -0.6905204653739929, 4.199528217315674, 1.5307650566101074, 1.9884823560714722, -0.48528289794921875], [55.630859375, -10.275015830993652, -1.1445817947387695, 4.319051742553711, 1.7965692281723022, 1.9955615997314453, -1.1585288047790527], [55.21516799926758, -20.21276092529297, -1.3927528858184814, 3.8534131050109863, 1.5798637866973877, 1.5409764051437378, 2.7655906677246094], [54.47917556762695, -14.840102195739746, -1.007477045059204, 3.800330877304077, 1.5818841457366943, 1.8424445390701294, -3.118098258972168], [61.86411666870117, -25.95720100402832, -0.024100661277770996, 4.25734806060791, 1.897634506225586, 2.2457823753356934, 2.1942803859710693], [35.345245361328125, -8.810221672058105, -1.1135692596435547, 3.8410160541534424, 1.5302152633666992, 1.4776418209075928, 3.0930042266845703], [35.63016891479492, -2.1640288829803467, -0.09824049472808838, 4.31899356842041, 1.653794527053833, 1.9288766384124756, -2.6540234088897705], [5.714813709259033, -5.851362705230713, -1.6185684204101562, 3.3231143951416016, 1.49624502658844, 1.4616708755493164, -0.5005335807800293], [15.641332626342773, 6.219254970550537, -1.081034779548645, 3.6459362506866455, 1.339740514755249, 1.793546438217163, 2.5225274562835693], [31.809221267700195, -3.3210670948028564, -1.2542552947998047, 3.8170528411865234, 1.5397143363952637, 1.4503200054168701, -0.08889304101467133], [3.142982006072998, 0.25010666251182556, -1.5978589057922363, 3.637042999267578, 1.4346578121185303, 1.3768919706344604, -0.627225399017334], [3.7872750759124756, 2.6621158123016357, -1.6216866970062256, 3.7833733558654785, 1.5755479335784912, 1.5072150230407715, -0.27660322189331055], [44.119937896728516, -3.40276837348938, -0.5355082750320435, 4.192767143249512, 1.4920183420181274, 1.825228214263916, -2.139716625213623], [8.171126365661621, -7.786818504333496, -1.850343942642212, 3.569777250289917, 1.5215072631835938, 1.5000011920928955, -0.30865907669067383], [36.17607498168945, -11.185640335083008, -1.2730193138122559, 3.739197254180908, 1.4887011051177979, 1.429603934288025, -1.5816187858581543], [34.56200408935547, -16.411598205566406, -1.3508087396621704, 3.837804079055786, 1.5923845767974854, 1.6970160007476807, -0.43527984619140625], [46.03386688232422, -6.871853828430176, -1.050997018814087, 3.9358396530151367, 1.6707000732421875, 1.6651628017425537, -0.4053316116333008], [8.172103881835938, 1.215178370475769, -1.631234049797058, 3.8311636447906494, 1.5745608806610107, 1.598333716392517, 2.8404617309570312], [11.041522026062012, -5.097740173339844, -1.4135124683380127, 3.8289341926574707, 1.395878553390503, 1.370410442352295, 0.9299461841583252], [48.91022491455078, -17.78940200805664, -1.7696139812469482, 4.188348770141602, 1.5583343505859375, 1.8057045936584473, 2.5594542026519775], [10.536406517028809, 3.693514585494995, -1.2305024862289429, 3.597823143005371, 1.4218926429748535, 1.395362138748169, -1.535172462463379], [13.116236686706543, 8.121556282043457, -1.0609935522079468, 3.44012713432312, 1.386115550994873, 1.4525227546691895, 2.022526264190674], [20.391780853271484, 6.77532958984375, -0.7430155277252197, 4.197427749633789, 1.5593769550323486, 1.8551748991012573, 1.4490801095962524], [20.296314239501953, -8.516611099243164, -1.7396562099456787, 2.8898262977600098, 1.565094232559204, 1.592728614807129, -0.3145627975463867], [20.768552780151367, 0.38476911187171936, -1.6066820621490479, 3.8000452518463135, 1.5843191146850586, 1.531043529510498, 2.736345052719116], [42.558895111083984, -15.391778945922852, -1.189009666442871, 4.622248649597168, 1.6335697174072266, 1.8273251056671143, 2.6208996772766113], [40.95662307739258, -9.8032808303833, -1.317415475845337, 3.8935697078704834, 1.624190092086792, 1.554030179977417, -0.3962540626525879], [12.852803230285645, -10.34437370300293, -1.1674742698669434, 3.913180351257324, 1.3630719184875488, 1.7952227592468262, -1.9791569709777832], [38.93191146850586, -7.402297496795654, -1.2025049924850464, 4.125449180603027, 1.5474878549575806, 1.7662034034729004, 2.5898139476776123], [58.91351318359375, -24.647171020507812, -0.5859100222587585, 3.5389530658721924, 1.4953224658966064, 1.473172903060913, 2.6564738750457764], [16.40833854675293, 9.737003326416016, -0.9231270551681519, 3.829307794570923, 1.469961166381836, 1.8184937238693237, 1.1747478246688843], [8.214751243591309, 3.583604097366333, -1.5297045707702637, 3.4112613201141357, 1.4382271766662598, 1.4839928150177002, 2.607445001602173], [25.102680206298828, -1.9989992380142212, -1.4735631942749023, 3.427126169204712, 1.5072062015533447, 1.6278852224349976, -0.43802404403686523], [33.49326705932617, 